{
  "intercept": -0.7856928041108742,
  "coefficients": {
    "degree_level_Associate": -1.7905700535186373,
    "degree_level_Bachelor": -0.18657551863434033,
    "degree_level_Doctoral": 1.0244895947413666,
    "degree_level_Master": 0.47499115884446486,
    "degree_level_Professional": -0.3080279855368618,
    "public_private_Private": -0.25244585565844274,
    "public_private_Public": -0.5332469484524524,
    "size_bin_(112.0, 9082.0]": 0.4307032439853912,
    "size_bin_(29.999, 41.0]": -0.771155731773579,
    "size_bin_(41.0, 61.0]": -0.4769035808560091,
    "size_bin_(61.0, 112.0]": 0.031663264533841044
  }
}