{
  "AK": 0.11659690394418183,
  "AL": -0.3047957853855054,
  "AR": -0.5607615935858927,
  "AS": -0.00023031015682429445,
  "AZ": -0.1703687341425098,
  "CA": 0.5341739144593802,
  "CO": 0.13719960869045075,
  "CT": 0.06022647633771245,
  "DC": 0.9344378230326633,
  "DE": 0.21535052048355346,
  "FL": -0.24909433449033708,
  "GA": -0.1403528619222451,
  "GU": -0.18261529335297194,
  "HI": 0.5462526852456722,
  "IA": -0.09491945425010402,
  "ID": -0.0519196145555226,
  "IL": 0.20238395592977826,
  "IN": -0.08692172580647571,
  "KS": -0.5801480017116492,
  "KY": -0.6233209784867977,
  "LA": -0.208033539509549,
  "MA": 0.48854326796153713,
  "MD": 0.6416062587328811,
  "ME": -0.06850848821840232,
  "MI": 0.09085024668195658,
  "MN": 0.09691011470249088,
  "MO": -0.5808003127092242,
  "MP": -0.009559638774890163,
  "MS": -1.3270020621240473,
  "MT": 0.20975847175641077,
  "NC": -0.10735626256937722,
  "ND": -0.20583343937390314,
  "NE": 0.13838543200302464,
  "NH": 0.2500711369193537,
  "NJ": 0.5404184677324748,
  "NM": -0.12227851028456405,
  "NV": -0.08121339249455967,
  "NY": 0.40749797239927854,
  "OH": -0.12797838389477037,
  "OK": -0.6534624903660753,
  "OR": 0.5067037607858105,
  "PA": 0.37112803241793346,
  "PR": -2.3471505619996074,
  "RI": 0.6035119365088968,
  "SC": -0.2405365382483984,
  "SD": -0.18585286524098993,
  "TN": -0.17581531617593588,
  "TX": -0.029883571955001242,
  "UT": 0.3683050066308508,
  "VA": 0.3063006015737374,
  "VI": 0.029575001826638376,
  "VT": 0.2780498817011321,
  "WA": 0.7574528786683017,
  "WI": -0.08479979583800967,
  "WV": -0.221162466167533,
  "WY": 0.19706491117695135
}